sessionid,query_desc,total,time,categorycode,campo_utilizado,sintaxis,cant_campos_utilizados,problema_detectado
9d28dcc44487946c8370722713745f17,"kw,wrdl: handbook of moderns sensors",0,2019-02-12 12:46:49,DOCENTE,kw,handbook of moderns sensors,1,error de tipeo
7762fe1145877284a417558c9d699a64,"se,wrdl: Programación",0,2019-03-01 16:21:35,BIBLIOTECA,se,Programación,1,campo incorrecto
7762fe1145877284a417558c9d699a64,"callnum,wrdl: Programación",0,2019-03-01 16:21:43,BIBLIOTECA,callnum,Programación,1,campo incorrecto
068a7bd877f76e9e6e6cb210961b11c3,"mc-itype,phr:NOTICIA",0,2019-03-13 10:31:05,TEC_MED_N,mc-itype,NOTICIA,1,no hay resultados
068a7bd877f76e9e6e6cb210961b11c3,"mc-itype,phr:RL",0,2019-03-13 10:32:12,TEC_MED_N,mc-itype,RL,1,no había resultados en el tiempo de la consulta
bb7235c7adaa41b5dc94bfca7f4159df,"kw,wrdl: tubiana",0,2019-03-13 21:36:03,TEC_MED_N,kw,tubiana,1,no hay resultados
bb7235c7adaa41b5dc94bfca7f4159df,"au,wrdl: tubiana",0,2019-03-13 21:36:12,TEC_MED_N,au,tubiana,1,no hay resultados
323a5bea19bd2992568202534cc75052,"kw,wrdl: quimica bioanalitica",0,2019-03-16 00:30:18,TEC_MED_N,kw,quimica bioanalitica,1,no hay resultados
323a5bea19bd2992568202534cc75052,"ti,wrdl: Química Bioanalítica",0,2019-03-16 00:30:50,TEC_MED_N,ti,Química Bioanalítica,1,no hay resultados
323a5bea19bd2992568202534cc75052,"ti,wrdl: Química Bioanalítica",0,2019-03-16 00:30:53,TEC_MED_N,ti,Química Bioanalítica,1,no hay resultados
323a5bea19bd2992568202534cc75052,"au,wrdl: eduardo corton",0,2019-03-16 00:31:06,TEC_MED_N,au,eduardo corton,1,no hay resultados
84df1fd1f5d6871de2b21edfac7bf5b0,"kw,wrdl: tubiana",0,2019-03-18 10:12:39,TEC_MED_N,kw,tubiana,1,no hay resultados
d6bd92d4affe5da2921bd923d53dee4f,"kw,wrdl: agrawal",0,2019-03-20 23:31:02,BIBLIOTECA,kw,agrawal,1,no hay resultados
d6bd92d4affe5da2921bd923d53dee4f,"au,wrdl: agrawal",0,2019-03-20 23:31:16,BIBLIOTECA,au,agrawal,1,no hay resultados
d6bd92d4affe5da2921bd923d53dee4f,"au,wrdl: agrawal",0,2019-03-20 23:31:21,BIBLIOTECA,au,agrawal,1,no hay resultados
02f79dd1689c35b0b95cd1e0b8e19328,"kw,wrdl: Rowasky",0,2019-03-21 15:45:54,BIBLIOTECA,kw,Rowasky,1,no hay resultados
02f79dd1689c35b0b95cd1e0b8e19328,"au,wrdl: Rowasky",0,2019-03-21 15:46:05,BIBLIOTECA,au,Rowasky,1,no hay resultados
02f79dd1689c35b0b95cd1e0b8e19328,"au,wrdl: Rowasky",0,2019-03-21 15:46:09,BIBLIOTECA,au,Rowasky,1,no hay resultados
02f79dd1689c35b0b95cd1e0b8e19328,"ti,wrdl: Jon Rowasky",0,2019-03-21 15:46:21,BIBLIOTECA,ti,Jon Rowasky,1,campo incorrecto
02f79dd1689c35b0b95cd1e0b8e19328,"au,wrdl: Jon Rowasky",0,2019-03-21 15:46:26,BIBLIOTECA,au,Jon Rowasky,1,no hay resultados
02f79dd1689c35b0b95cd1e0b8e19328,"au,wrdl: Jon Rowasky",0,2019-03-21 15:46:30,BIBLIOTECA,au,Jon Rowasky,1,no hay resultados
02f79dd1689c35b0b95cd1e0b8e19328,"au,wrdl: Jon Rowasky",0,2019-03-21 15:46:33,BIBLIOTECA,au,Jon Rowasky,1,no hay resultados
02f79dd1689c35b0b95cd1e0b8e19328,"au,wrdl: Jon Rowaski",0,2019-03-21 15:46:44,BIBLIOTECA,au,Jon Rowaski,1,error de tipeo
414c81fddf95881558ad188f80d27346,"kw,wrdl: Bystander effect",0,2019-03-27 11:58:17,TEC_MED_N,kw,Bystander effect,1,no hay resultados
866ceda633fdb58a8710aece1e723c86,"kw,wrdl: fisica moderna y aplicaciones",0,2019-04-03 18:44:48,BIBLIOTECA,kw,fisica moderna y aplicaciones,1,error de tipeo
866ceda633fdb58a8710aece1e723c86,"kw,wrdl: física moderna y aplicaciones",0,2019-04-03 18:44:54,BIBLIOTECA,kw,física moderna y aplicaciones,1,error de tipeo
673c9d1e3cbe38093b5b51c58eecec0a,"kw,wrdl: Física serway 7ma edición",0,2019-04-03 20:02:27,HIST,kw,Física serway 7ma edición,1,error de tipeo
9c320db51cf2d46371bd9e2f9ec11539,"kw,wrdl: geometria computacional",0,2019-04-15 11:36:18,BIBLIOTECA,kw,geometria computacional,1,no hay resultados
9c320db51cf2d46371bd9e2f9ec11539,"kw,wrdl: geometría computacional",0,2019-04-15 11:36:34,BIBLIOTECA,kw,geometría computacional,1,no hay resultados
9c320db51cf2d46371bd9e2f9ec11539,"kw,wrdl: geometría computacional",0,2019-04-15 11:36:37,BIBLIOTECA,kw,geometría computacional,1,no hay resultados
9c320db51cf2d46371bd9e2f9ec11539,"kw,wrdl: geometría computacional",0,2019-04-15 11:36:38,BIBLIOTECA,kw,geometría computacional,1,no hay resultados
9c320db51cf2d46371bd9e2f9ec11539,"kw,wrdl: algebra computacional",0,2019-04-15 11:37:06,BIBLIOTECA,kw,algebra computacional,1,no hay resultados
9c320db51cf2d46371bd9e2f9ec11539,"kw,wrdl: álgebra computacional",0,2019-04-15 11:37:16,BIBLIOTECA,kw,álgebra computacional,1,no hay resultados
d9e9b2b01820bee9cafb4e561f56c3f4,"callnum,wrdl: fundamento de programacion",0,2019-04-15 19:51:30,BIBLIOTECA,callnum,fundamento de programacion,1,campo incorrecto
d9e9b2b01820bee9cafb4e561f56c3f4,"su,wrdl: fundamento de programacion",0,2019-04-15 19:51:47,BIBLIOTECA,su,fundamento de programacion,1,campo incorrecto
d9e9b2b01820bee9cafb4e561f56c3f4,"au,wrdl: fundamento de programacion",0,2019-04-15 19:51:55,BIBLIOTECA,au,fundamento de programacion,1,campo incorrecto
d9e9b2b01820bee9cafb4e561f56c3f4,"au,wrdl: fundamentos de programacion",0,2019-04-15 19:52:14,BIBLIOTECA,au,fundamentos de programacion,1,campo incorrecto
d9e9b2b01820bee9cafb4e561f56c3f4,"au,wrdl: fundamentos programacion",0,2019-04-15 19:52:30,BIBLIOTECA,au,fundamentos programacion,1,campo incorrecto
d9e9b2b01820bee9cafb4e561f56c3f4,"callnum,wrdl: fundamentos programacion",0,2019-04-15 19:52:37,BIBLIOTECA,callnum,fundamentos programacion,1,campo incorrecto
d9e9b2b01820bee9cafb4e561f56c3f4,"callnum,wrdl: fundamentos",0,2019-04-15 19:52:43,BIBLIOTECA,callnum,fundamentos,1,campo incorrecto
6f139224a8dd204a3fe639b064a71f83,"ti,wrdl: Serway",0,2019-05-05 20:01:05,BIBLIOTECA,ti,Serway,1,no había resultados en el tiempo de la consulta
948fd819c5771c1dcc3494de99486159,"kw,wrdl: Shanon",0,2019-05-16 23:04:07,HIST,kw,Shanon,1,error de tipeo
0517ecc0f6bfcaf8283aa175bc2921c6,"callnum,wrdl: anatomia",0,2019-05-31 19:51:13,BIBLIOTECA,callnum,anatomia,1,campo incorrecto
0517ecc0f6bfcaf8283aa175bc2921c6,"callnum,wrdl: anato",0,2019-05-31 19:51:17,BIBLIOTECA,callnum,anato,1,campo incorrecto
38f33d2a3919ed55f0a71e21d52315a7,"kw,wrdl: berne & levi",0,2019-06-11 06:46:00,BIBLIOTECA,kw,berne & levi,1,error de tipeo
d6dccec62e2d2ce09077bbc3a2152254,"kw,wrdl: rogasky",0,2019-07-01 19:38:41,BIBLIOTECA,kw,rogasky,1,error de tipeo
d6dccec62e2d2ce09077bbc3a2152254,"kw,wrdl: rogawsky",0,2019-07-01 19:38:50,BIBLIOTECA,kw,rogawsky,1,error de tipeo
89a7309c7d945468142508925ac5f385,"callnum,wrdl: anatomia",0,2019-09-25 21:14:32,BIBLIOTECA,callnum,anatomia,1,campo incorrecto
ffdda615a1a9b102fece61256f7eaffb,"su,wrdl: Efectos del paso de la corriente eléctrica por el cuerpo humano, animales domésticos y de cría",0,2019-10-01 17:10:20,BIBLIOTECA,su,Efectos del paso de la corriente eléctrica por el cuerpo humano,1,no había resultados en el tiempo de la consulta
70b80d5a357c727f532fc708e215d38c,"ti,wrdl: Fisica para la ciencias e ingenieria",0,2020-02-10 11:27:00,INVI,ti,Fisica para la ciencias e ingenieria,1,error de tipeo
70b80d5a357c727f532fc708e215d38c,"ti,wrdl: Fisica para la ciencias e ingeniería",0,2020-02-10 11:28:00,INVI,ti,Fisica para la ciencias e ingeniería,1,error de tipeo
70b80d5a357c727f532fc708e215d38c,"ti,wrdl: Fisica para la ciencias e ingeniería",0,2020-02-10 11:28:00,INVI,ti,Fisica para la ciencias e ingeniería,1,error de tipeo
70b80d5a357c727f532fc708e215d38c,"ti,wrdl: Física para la ciencias e ingeniería",0,2020-02-10 11:28:00,INVI,ti,Física para la ciencias e ingeniería,1,error de tipeo
ff91e026b4e0641b4e5a656687fea10a,"au,wrdl: saway",0,2020-02-10 20:08:00,INVI,au,saway,1,error de tipeo
ff91e026b4e0641b4e5a656687fea10a,"au,wrdl: saway",0,2020-02-10 20:09:27,INVI,au,saway,1,error de tipeo
ff91e026b4e0641b4e5a656687fea10a,"kw,wrdl: saway",0,2020-02-10 20:09:37,INVI,kw,saway,1,error de tipeo
ccf733740decd45d70accfbb559e9453,"kw,wrdl: mupad",0,2020-03-18 12:09:30,BIBLIOTECA,kw,mupad,1,no hay resultados
ccf733740decd45d70accfbb559e9453,"ti,wrdl: mupad",0,2020-03-18 12:10:24,BIBLIOTECA,ti,mupad,1,no hay resultados
ccf733740decd45d70accfbb559e9453,"su,wrdl: mupad",0,2020-03-18 12:11:21,BIBLIOTECA,su,mupad,1,no hay resultados
94b5355363bc24ef18c9c8d74268c218,"kw,wrdl: griffiths genetica 9 edicion pdf",0,2020-06-19 14:37:54,BIBLIOTECA,kw,griffiths genetica 9 edicion pdf,1,error de tipeo
94b5355363bc24ef18c9c8d74268c218,"kw,wrdl: griffiths genetica 9 edicion pdf",0,2020-06-19 14:37:59,BIBLIOTECA,kw,griffiths genetica 9 edicion pdf,1,error de tipeo
6a985e2afa6e3c2867de0f13098db57d,"kw,wrdl: daurgiras",0,2020-07-23 17:42:11,BIBLIOTECA,kw,daurgiras,1,error de tipeo
b38dcae962ab6b1c0dea984355f5193b,"kw,wrdl: fox mcdonald 4ta edicion",0,2021-03-11 10:15:56,BIBLIOTECA,kw,fox mcdonald 4ta edicion,1,error de tipeo
112dffaf17bd8871809188a2356bf222,"kw,wrdl: Rhoades Bell",0,2021-03-18 10:54:44,BIBLIOTECA,kw,Rhoades Bell,1,error de tipeo
5dc66beb11a862a142510a1fd49cbcdf,"kw,wrdl: Silverthon",0,2021-03-24 10:53:41,BIBLIOTECA,kw,Silverthon,1,error de tipeo
4f575b22d132e4ddbe5496ec9ed36808,"ti:derecho a la salud, ",0,2021-03-26 07:59:00,DOCENTE,ti,derecho a la salud,1,no hay resultados
5aaae322142a9e52c599f9e6e646b642,"callnum,wrdl: Electrotenia",0,2021-05-13 19:25:49,BIBLIOTECA,callnum,Electrotenia,1,campo incorrecto
5aaae322142a9e52c599f9e6e646b642,"kw,wrdl: Electrotenia",0,2021-05-13 19:26:35,BIBLIOTECA,kw,Electrotenia,1,error de tipeo
5aaae322142a9e52c599f9e6e646b642,"ti,wrdl: Electrotenia",0,2021-05-13 19:26:40,BIBLIOTECA,ti,Electrotenia,1,error de tipeo
5aaae322142a9e52c599f9e6e646b642,"callnum,wrdl: Electricidad",0,2021-05-13 20:06:07,BIBLIOTECA,callnum,Electricidad,1,campo incorrecto
9ecdcae872179c7b87564dbcd705c3c8,"au,wrdl: bram stocker, ",0,2021-07-06 19:27:31,AGRO,au,bram stocker,1,error de tipeo
9ecdcae872179c7b87564dbcd705c3c8,"ti,wrdl: conan doyle, ",0,2021-07-06 19:29:27,AGRO,ti,conan doyle,1,campo incorrecto
9ecdcae872179c7b87564dbcd705c3c8,"ti,wrdl: doyle, ",0,2021-07-06 19:29:38,AGRO,ti,doyle,1,campo incorrecto
1c9d98869fe96d73e630ceffe274397b,"kw,wrdl: Boyce Di Prima, ",0,2021-08-26 16:04:23,BIBLIOTECA,kw,Boyce Di Prima,1,no hay resultados
eb0fd0aea47c6e2faec5798d4abf90b5,"au,wrdl: R. Coughlin–F. Driscoll, ",0,2021-08-27 09:24:20,BIBLIOTECA,au,R. Coughlin–F. Driscoll,1,error de tipeo
2e126dabf15872ad0eac7129d5a29211,"kw,wrdl: NORMA ISO 13485:2003, ",0,2021-09-01 11:27:00,BIBLIOTECA,kw,NORMA ISO 13485:2003,1,error de tipeo
8f5a1e837186afda8d496f1c1ec4be77,"au,wrdl: Rafael gonzales, ",0,2021-10-01 12:48:47,BIBLIOTECA,au,Rafael gonzales,1,error de tipeo
97fa44f83c8abd3fc03cb5ff373f8882,"au,wrdl: prometheus, ",0,2021-10-06 09:05:00,DOCENTE,au,prometheus,1,campo incorrecto
97fa44f83c8abd3fc03cb5ff373f8882,"au,wrdl: prometheus, ",0,2021-10-06 09:05:00,DOCENTE,au,prometheus,1,campo incorrecto
9667def6f85d3e2ecba412777b9f6dd8,"callnum,wrdl: Ingeniería Hospitalaria, ",0,2021-10-20 11:04:00,BIBLIOTECA,callnum,Ingeniería Hospitalaria,1,campo incorrecto
9667def6f85d3e2ecba412777b9f6dd8,"kw,wrdl: Cavallo, ",0,2021-10-20 13:16:36,BIBLIOTECA,kw,Cavallo,1,no hay resultados
9667def6f85d3e2ecba412777b9f6dd8,"kw,wrdl: Camillieri, ",0,2021-10-20 13:16:53,BIBLIOTECA,kw,Camillieri,1,error de tipeo
9667def6f85d3e2ecba412777b9f6dd8,"kw,wrdl: Andrea Camillieri, ",0,2021-10-20 13:16:59,BIBLIOTECA,kw,Andrea Camillieri,1,error de tipeo
9667def6f85d3e2ecba412777b9f6dd8,"kw,wrdl: Sociología de las organizaciones, ",0,2021-10-20 13:22:12,BIBLIOTECA,kw,Sociología de las organizaciones,1,error de tipeo
9667def6f85d3e2ecba412777b9f6dd8,"kw,wrdl: Intimidades congeladas, ",0,2021-10-20 13:22:43,BIBLIOTECA,kw,Intimidades congeladas,1,no hay resultados
9667def6f85d3e2ecba412777b9f6dd8,"kw,wrdl: Giddens, ",0,2021-10-20 13:23:19,BIBLIOTECA,kw,Giddens,1,no hay resultados
1172292f88c612fbc6e720678d5bd6ec,"callnum,wrdl: Fisiologia, ",0,2021-10-28 11:26:42,BIBLIOTECA,callnum,Fisiologia,1,campo incorrecto
1172292f88c612fbc6e720678d5bd6ec,"callnum,wrdl: Fisiología, ",0,2021-10-28 11:26:50,BIBLIOTECA,callnum,Fisiología,1,campo incorrecto
fc94f65d3e3dc3f7a0d590bdca9a007d,"kw,wrdl: lopez orlando, ",0,2021-11-05 06:41:55,DOCENTE,kw,lopez orlando,1,no hay resultados
fc94f65d3e3dc3f7a0d590bdca9a007d,"kw,wrdl: medical devies, ",0,2021-11-05 06:42:04,DOCENTE,kw,medical devies,1,error de tipeo
5ca2e3b3d8f0eb6f884b6285d87d537f,"kw,wrdl: Finn genneser, ",0,2021-11-08 12:50:00,BIBLIOTECA,kw,Finn genneser,1,error de tipeo
5ca2e3b3d8f0eb6f884b6285d87d537f,"kw,wrdl: Física Tippler, ",0,2021-11-08 12:51:00,BIBLIOTECA,kw,Física Tippler,1,error de tipeo
71ba38f6ed166f6d8b2f0212bef4204f,"kw,wrdl: Otra forma de estudiar administración, ",0,2021-11-13 20:05:34,BIBLIOTECA,kw,Otra forma de estudiar administración,1,no hay resultados
b0d1bdc3d9e218f4dee49e07a5ca4511,"kw,wrdl: resnik, ",0,2021-11-21 09:25:00,BIBLIOTECA,kw,resnik,1,error de tipeo
adda1dea63d4c8fb49f28dfbad5192ce,"kw,wrdl: wirfs-brock, ",0,2021-12-30 10:36:57,DOCENTE,kw,wirfs-brock,1,no hay resultados
adda1dea63d4c8fb49f28dfbad5192ce,"kw,wrdl: wirfs, ",0,2021-12-30 10:38:25,DOCENTE,kw,wirfs,1,no hay resultados
adda1dea63d4c8fb49f28dfbad5192ce,"kw,wrdl: eckel, ",0,2021-12-30 11:07:02,DOCENTE,kw,eckel,1,no hay resultados
752eb11cfda124abc8c4b3fd8d72b5c7,"kw,wrdl: la celula alverts, ",0,2022-03-08 09:56:01,BIBLIOTECA,kw,la celula alverts,1,error de tipeo
2a6af8d38bd01b488831c4a8c89ce178,"callnum,wrdl: Química general, ",0,2022-03-08 17:28:53,BIBLIOTECA,callnum,Química general,1,campo incorrecto
e108f97637505f2c1f4dc6a81ac6a28e,"ti,wrdl: Curtid biologia, ",0,2022-03-15 10:14:51,BIBLIOTECA,ti,Curtid biologia,1,error de tipeo
94fce253b213dc2c6b66c4a0d9593a61,"kw,wrdl: Genesser, ",0,2022-03-23 10:54:37,BIBLIOTECA,kw,Genesser,1,error de tipeo
dd49ced56b003c9c8a33fa9cfcc93a55,"kw,wrdl: da vinci",0,2022-03-23 17:36:00,BIBLIOTECA,kw,da vinci,1,no había resultados en el tiempo de la consulta
e0e8b4e4ab172ad00af42e3973ac63ce,"kw,wrdl: maetria en enseñanza, ",0,2022-03-25 12:17:00,BIBLIOTECA,kw,maetria en enseñanza,1,error de tipeo
e0e8b4e4ab172ad00af42e3973ac63ce,"kw,wrdl: codigo davincci, ",0,2022-03-25 15:00:00,BIBLIOTECA,kw,codigo davincci,1,error de tipeo
e0e8b4e4ab172ad00af42e3973ac63ce,"kw,wrdl: da vincci, ",0,2022-03-25 15:00:00,BIBLIOTECA,kw,da vincci,1,error de tipeo
e0e8b4e4ab172ad00af42e3973ac63ce,"kw,wrdl: exoesqueleto, itype:AN",0,2022-03-25 15:04:00,BIBLIOTECA,"kw, mc-itype","exoesqueleto, AN",2,combinacion de campos incorrecta
1be7190a9ff846ebb3a60a5a8a2f5a9d,"callnum,wrdl: biologia, ",0,2022-03-25 16:08:40,BIBLIOTECA,callnum,biologia,1,campo incorrecto
6a45b50839a45d33141ee4fc4af8bfc3,"kw,wrdl: rowaski, ",0,2022-03-29 10:23:40,BIBLIOTECA,kw,rowaski,1,error de tipeo
58c6d0bb01aa85353c555b9adc813a50,"kw,wrdl: cenghel, ",0,2022-03-30 09:44:31,BIBLIOTECA,kw,cenghel,1,error de tipeo
8d8ba6255abe653c4771478413ff5bb7,"ti,wrdl: computadoras de escritorio, ",0,2022-03-30 09:58:20,S,ti,computadoras de escritorio,1,campo incorrecto
8d8ba6255abe653c4771478413ff5bb7,"ti,wrdl: r20, ",0,2022-03-30 09:58:34,S,ti,r20,1,no había resultados en el tiempo de la consulta
bbadba67a2c147c0d52ce7bfb40987cc,"kw,wrdl: silverthon, ",0,2022-03-30 21:48:17,BIBLIOTECA,kw,silverthon,1,error de tipeo
bbadba67a2c147c0d52ce7bfb40987cc,"ti,wrdl: silverthon, ",0,2022-03-30 21:48:28,BIBLIOTECA,ti,silverthon,1,error de tipeo
c0fd66df8c610d0195276130affdbf68,"au,wrdl: cuadri, ",0,2022-03-31 10:56:00,BIOINGENIE,au,cuadri,1,error de tipeo
97dbef3c9dd17134ba32cc1a9ac939cb,"kw,wrdl: matriz foda, ",0,2022-04-01 11:37:00,BIBLIOTECA,kw,matriz foda,1,no hay resultados
97dbef3c9dd17134ba32cc1a9ac939cb,"kw,wrdl: Fortalezas Oportunidades, ",0,2022-04-01 11:38:00,BIBLIOTECA,kw,Fortalezas Oportunidades,1,no hay resultados
97dbef3c9dd17134ba32cc1a9ac939cb,"kw,wrdl: anàlisis foda, ",0,2022-04-01 11:47:00,BIBLIOTECA,kw,anàlisis foda,1,error de tipeo
d8031be7534f2700d55bceefd4c6f680,"kw,wrdl: computadoras de escritorios, ",0,2022-04-01 13:59:35,S,kw,computadoras de escritorios,1,campo incorrecto
d8031be7534f2700d55bceefd4c6f680,"kw,wrdl: NAN COMPUERTAS, ",0,2022-04-01 14:08:50,S,kw,NAN COMPUERTAS,1,no hay resultados
eef8ec833de6aece06b1c626f459270e,"kw,wrdl: difucion, ",0,2022-04-04 09:35:32,BIBLIOTECA,kw,difucion,1,error de tipeo
f51b09d2b441626f5f396abd2dbe0f52,"kw,wrdl: sabotta, ",0,2022-04-04 14:00:39,BIBLIOTECA,kw,sabotta,1,no hay resultados
f51b09d2b441626f5f396abd2dbe0f52,"kw,wrdl: sabota, ",0,2022-04-04 14:00:44,BIBLIOTECA,kw,sabota,1,error de tipeo
f51b09d2b441626f5f396abd2dbe0f52,"au,wrdl: sabota, ",0,2022-04-04 14:00:53,BIBLIOTECA,au,sabota,1,error de tipeo
f51b09d2b441626f5f396abd2dbe0f52,"au,wrdl: atlas sobo, ",0,2022-04-04 14:01:27,BIBLIOTECA,au,atlas sobo,1,campo incorrecto
60d884679b0e34dc057777ba6b71f283,"kw,wrdl: ingeniería en trasporte, ",0,2022-04-06 21:18:15,BIBLIOTECA,kw,ingeniería en trasporte,1,error de tipeo
6530081a1e67e21e3ab6f89f0c3e84f3,"kw,wrdl: Prometeus, ",0,2022-04-11 12:53:00,BIBLIOTECA,kw,Prometeus,1,error de tipeo
6530081a1e67e21e3ab6f89f0c3e84f3,"ti,wrdl: Prometeus, ",0,2022-04-11 12:53:00,BIBLIOTECA,ti,Prometeus,1,error de tipeo
6530081a1e67e21e3ab6f89f0c3e84f3,"kw,wrdl: Prometeus, ",0,2022-04-11 12:54:25,BIBLIOTECA,kw,Prometeus,1,error de tipeo
6530081a1e67e21e3ab6f89f0c3e84f3,"kw,wrdl: Prometeus, ",0,2022-04-11 12:54:29,BIBLIOTECA,kw,Prometeus,1,error de tipeo
4c4a9b0bb917cd1fdb7369342fb18f78,"kw,wrdl: introduccion al sanalisis de circuitos, ",0,2022-04-11 23:44:05,BIBLIOTECA,kw,introduccion al sanalisis de circuitos,1,error de tipeo
b1b905ac4e78b29c876121a053c16874,"kw,wrdl: Internet de las cosa, ",0,2022-04-26 01:17:11,BIBLIOTECA,kw,Internet de las cosa,1,error de tipeo
b1b905ac4e78b29c876121a053c16874,"kw,wrdl: Internet de las cosas, ",0,2022-04-26 01:17:15,BIBLIOTECA,kw,Internet de las cosas,1,no hay resultados
2fe8367e7246e643746aa252c1f5201e,"kw,wrdl: WILSON BUFA LOU, ",0,2022-04-27 11:10:59,BIBLIOTECA,kw,WILSON BUFA LOU,1,error de tipeo
322a099a5dd6827c8bbfcb36ca500251,"kw,wrdl: Antonio Bianco, ",0,2022-05-02 10:50:45,BIBLIOTECA,kw,Antonio Bianco,1,no hay resultados
eeaa16ff66653aa2184862332e57a3f4,"kw,wrdl: PRACTICAS Y PROCESOS DE TALLER MECANIZADO, ",0,2022-05-13 21:06:34,DOCENTE,kw,PRACTICAS Y PROCESOS DE TALLER MECANIZADO,1,no había resultados en el tiempo de la consulta
eeaa16ff66653aa2184862332e57a3f4,"kw,wrdl: TALLER MECANIZADO, ",0,2022-05-13 21:06:41,DOCENTE,kw,TALLER MECANIZADO,1,no había resultados en el tiempo de la consulta
eeaa16ff66653aa2184862332e57a3f4,"kw,wrdl: ELABORACION DE PROGRAMAS DE CNC, ",0,2022-05-13 21:09:13,DOCENTE,kw,ELABORACION DE PROGRAMAS DE CNC,1,no había resultados en el tiempo de la consulta
eeaa16ff66653aa2184862332e57a3f4,"kw,wrdl: trends in development of medical devices, ",0,2022-05-13 21:38:59,DOCENTE,kw,trends in development of medical devices,1,no había resultados en el tiempo de la consulta
eeaa16ff66653aa2184862332e57a3f4,"kw,wrdl: trends in development, ",0,2022-05-13 21:39:06,DOCENTE,kw,trends in development,1,no había resultados en el tiempo de la consulta
0191e0dce5f382c6394ccdbc93b2005f,"kw,wrdl: montt, ",0,2022-05-19 10:19:00,BIBLIOTECA,kw,montt,1,no hay resultados
b5cf588d287c8a5309da0b877856b63d,"kw,wrdl: odeti, ",0,2022-05-19 15:42:00,BIBLIOTECA,kw,odeti,1,error de tipeo
48b9bb47db1bf58aff25c4b324f8a7c9,"kw,wrdl: tripler, ",0,2022-05-26 12:34:10,BIBLIOTECA,kw,tripler,1,error de tipeo
48b9bb47db1bf58aff25c4b324f8a7c9,"au,wrdl: tripler, ",0,2022-05-26 12:34:20,BIBLIOTECA,au,tripler,1,error de tipeo
48b9bb47db1bf58aff25c4b324f8a7c9,"au,wrdl: fisica mecanica, ",0,2022-05-26 12:34:34,BIBLIOTECA,au,fisica mecanica,1,campo incorrecto
c6ecc3747124526de8bd7ac830006593,"kw,wrdl: fluidos frigorificos, ",0,2022-06-08 10:37:39,BIBLIOTECA,kw,fluidos frigorificos,1,no hay resultados
d8bacfd3726159849b91cb24527d9ce8,"kw,wrdl: colleman, ",0,2022-06-21 12:08:00,BIOINGENIE,kw,colleman,1,error de tipeo
d8bacfd3726159849b91cb24527d9ce8,"au,wrdl: golleman, ",0,2022-06-21 12:08:00,BIOINGENIE,au,golleman,1,error de tipeo
c8c3c3ec1c69781cfe770ffd4f59a87a,"au,wrdl: yunges cengel, ",0,2022-06-22 17:19:43,BIBLIOTECA,au,yunges cengel,1,error de tipeo
c8c3c3ec1c69781cfe770ffd4f59a87a,"au,wrdl: yunes cengel, ",0,2022-06-22 17:19:50,BIBLIOTECA,au,yunes cengel,1,error de tipeo
c8c3c3ec1c69781cfe770ffd4f59a87a,"au,wrdl: yunes çengel, ",0,2022-06-22 17:20:12,BIBLIOTECA,au,yunes çengel,1,error de tipeo
4345de21f4154e604ec0759647fe81f5,"kw,wrdl: worris, ",0,2022-07-29 09:44:15,BIBLIOTECA,kw,worris,1,error de tipeo
4345de21f4154e604ec0759647fe81f5,"kw,wrdl: temple, ",0,2022-07-29 09:45:08,BIBLIOTECA,kw,temple,1,no hay resultados
010dd49f42096a99e63e82e042353e5f,"kw,wrdl: Prototipo de sistema de asistencia al paciente, ",0,2022-07-30 17:49:36,BIBLIOTECA,kw,Prototipo de sistema de asistencia al paciente,1,no había resultados en el tiempo de la consulta
010dd49f42096a99e63e82e042353e5f,"kw,wrdl: Daniel zacarías, ",0,2022-07-30 17:49:50,BIBLIOTECA,kw,Daniel zacarías,1,no había resultados en el tiempo de la consulta
010dd49f42096a99e63e82e042353e5f,"kw,wrdl: Daniel zacarías, ",0,2022-07-30 17:50:43,BIBLIOTECA,kw,Daniel zacarías,1,no había resultados en el tiempo de la consulta
010dd49f42096a99e63e82e042353e5f,"kw,wrdl: Daniel eduardo zacarías, ",0,2022-07-30 17:50:49,BIBLIOTECA,kw,Daniel eduardo zacarías,1,no había resultados en el tiempo de la consulta
010dd49f42096a99e63e82e042353e5f,"kw,wrdl: gutierrez candia, ",0,2022-07-30 17:50:59,BIBLIOTECA,kw,gutierrez candia,1,no hay resultados
010dd49f42096a99e63e82e042353e5f,"kw,wrdl: iturain, ",0,2022-07-30 17:51:12,BIBLIOTECA,kw,iturain,1,no hay resultados
010dd49f42096a99e63e82e042353e5f,"kw,wrdl: Ituraín, ",0,2022-07-30 17:51:21,BIBLIOTECA,kw,Ituraín,1,no hay resultados
010dd49f42096a99e63e82e042353e5f,"kw,wrdl: Ituraín, ",0,2022-07-30 17:51:23,BIBLIOTECA,kw,Ituraín,1,no hay resultados
df5336929995e391ad70c4a227f2649a,"ti,wrdl: cálculo en una variable and au,wrdl: James stewart, ",0,2022-08-11 08:10:12,BIBLIOTECA,"au, ti","cálculo en una variable and au, James stewart",2,combinacion de campos incorrecta
df5336929995e391ad70c4a227f2649a,"ti,wrdl: cálculo en una variable and au,wrdl: James stewart, mc-itype,phr:LIB or mc-itype,phr:C",0,2022-08-11 08:10:43,BIBLIOTECA,"au, mc-itype, mc-itype, ti","cálculo en una variable and au, James stewart, LIB or mc-itype, C",4,combinacion de campos incorrecta
630ec83bba4a0d8beff6652ec0acb54a,"au,wrdl: prometheus, ",0,2022-08-18 10:43:46,BIBLIOTECA,au,prometheus,1,campo incorrecto
630ec83bba4a0d8beff6652ec0acb54a,"au,wrdl: prometheus, ",0,2022-08-18 10:44:11,BIBLIOTECA,au,prometheus,1,campo incorrecto
09c4868691af87f5fcf99c1df80831cd,"ti,wrdl: pachaging, ",0,2022-08-22 13:52:00,BIBLIOTECA,ti,pachaging,1,error de tipeo
ab5cec55489b16214092f8c6d7ccd63a,"kw,wrdl: Artificial Intelligence: A Modern Approach, ",0,2022-08-23 21:42:42,DOCENTE,kw,Artificial Intelligence: A Modern Approach,1,no había resultados en el tiempo de la consulta
ab5cec55489b16214092f8c6d7ccd63a,"kw,wrdl: rusell, ",0,2022-08-23 21:42:59,DOCENTE,kw,rusell,1,error de tipeo
ab5cec55489b16214092f8c6d7ccd63a,"kw,wrdl: Raschka, ",0,2022-08-23 21:45:04,DOCENTE,kw,Raschka,1,no había resultados en el tiempo de la consulta
ab5cec55489b16214092f8c6d7ccd63a,"kw,wrdl: Raschka, ",0,2022-08-23 21:45:08,DOCENTE,kw,Raschka,1,no había resultados en el tiempo de la consulta
70d4df917d172de1be1807b497f92c0a,"kw,wrdl: QEEG, ",0,2022-08-25 11:29:29,BIBLIOTECA,kw,QEEG,1,no hay resultados
57696d77a7f6d6a251879486ffefb3e8,"kw,wrdl: chapmann, ",0,2022-08-26 09:58:00,BIBLIOTECA,kw,chapmann,1,error de tipeo
8e3e0098bbdd1dcfb5c2c770db7b60e8,"kw,wrdl: ben pansky, ",0,2022-08-29 19:57:34,BIBLIOTECA,kw,ben pansky,1,no hay resultados
9de82771022a2d4c7a21d787607848b2,"ti,wrdl: precalculo 6ta edicion, ",0,2022-08-30 14:19:07,BIBLIOTECA,ti,precalculo 6ta edicion,1,error de tipeo
8bd5e7cb958ecdc4e41a045fe1bc01e8,"ti,wrdl: Gray anatomía, ",0,2022-08-30 14:21:26,BIBLIOTECA,ti,Gray anatomía,1,no hay resultados
07e77378c3d50af1fb42749c66690b7d,"kw,wrdl: instrumental y dispositivos electronicos, ",0,2022-08-31 17:04:00,BIBLIOTECA,kw,instrumental y dispositivos electronicos,1,no hay resultados
07e77378c3d50af1fb42749c66690b7d,"callnum,wrdl: instrumental y dispositivos electronicos, ",0,2022-08-31 17:05:00,BIBLIOTECA,callnum,instrumental y dispositivos electronicos,1,campo incorrecto
07e77378c3d50af1fb42749c66690b7d,"callnum,wrdl: dispositivos electrónicos, ",0,2022-08-31 17:05:00,BIBLIOTECA,callnum,dispositivos electrónicos,1,campo incorrecto
07e77378c3d50af1fb42749c66690b7d,"callnum,wrdl: dispositivos electrónicos, ",0,2022-08-31 17:06:46,BIBLIOTECA,callnum,dispositivos electrónicos,1,campo incorrecto
432c562d6655ee8074150113105e6ddd,"kw,wrdl: churchill 7ma, ",0,2022-09-05 10:24:42,BIBLIOTECA,kw,churchill 7ma,1,error de tipeo
2bcf9cfcacf7f0a0f41117f5d8a6aed1,"kw,wrdl: nahuel ricart, ",0,2022-09-05 15:40:36,BIBLIOTECA,kw,nahuel ricart,1,no hay resultados
39a4715be04eaaa6e5857ad3d10ab8db,"kw,wrdl: James Stewart and kw,wrdl: cálculo en una variable, mc-itype,phr:C",0,2022-09-05 20:54:00,BIBLIOTECA,"kw, kw, mc-itype","James Stewart and kw, cálculo en una variable, C",3,combinacion de campos incorrecta
39a4715be04eaaa6e5857ad3d10ab8db,"kw,wrdl: James Stewart and kw,wrdl: cálculo en una variable, mc-itype,phr:C",0,2022-09-05 20:55:00,BIBLIOTECA,"kw, kw, mc-itype","James Stewart and kw, cálculo en una variable, C",3,combinacion de campos incorrecta
c16737fcead423643d041ae107427309,"kw,wrdl: cuper, ",0,2022-09-06 12:04:47,BIBLIOTECA,kw,cuper,1,error de tipeo
b6292b0d5531db090b3a6a9be31b566f,"su,wrdl: PTM, ",0,2022-09-13 14:32:10,BIBLIOTECA,su,PTM,1,error de tipeo
b6292b0d5531db090b3a6a9be31b566f,"su,wrdl: PMY, ",0,2022-09-13 14:32:14,BIBLIOTECA,su,PMY,1,error de tipeo
b6292b0d5531db090b3a6a9be31b566f,"su,wrdl: PMT, ",0,2022-09-13 14:32:18,BIBLIOTECA,su,PMT,1,error de tipeo
878ba12cf219524a10bb9e15b186b484,"kw,wrdl: rambaugh, ",0,2022-09-14 17:50:00,DOCENTE,kw,rambaugh,1,error de tipeo
878ba12cf219524a10bb9e15b186b484,"kw,wrdl: rambaugh, ",0,2022-09-14 17:50:40,DOCENTE,kw,rambaugh,1,error de tipeo
878ba12cf219524a10bb9e15b186b484,"kw,wrdl: rambaugh, ",0,2022-09-14 17:50:42,DOCENTE,kw,rambaugh,1,error de tipeo
878ba12cf219524a10bb9e15b186b484,"kw,wrdl: rambaugh, ",0,2022-09-14 17:50:46,DOCENTE,kw,rambaugh,1,error de tipeo
6b631fdf2103693b417f61b9431de186,"kw,wrdl: Ines del alma mia, ",0,2022-09-26 12:05:00,BIBLIOTECA,kw,Ines del alma mia,1,no hay resultados
894d6d6fdd0d332689e96dea733ef91c,"kw,wrdl: serwey, ",0,2022-11-04 16:14:12,BIBLIOTECA,kw,serwey,1,error de tipeo
1f72ec421ecb4c6a1534c26d05ddd249,"kw,wrdl: bx:5134, ",0,2022-11-11 12:23:00,BIBLIOTECA,kw,bx:5134,1,error de tipeo
a550db3afb5dd08d24e7543c18f8cfd8,"AU:GUITA, ",0,2022-11-16 13:46:00,S,au,GUITA,1,error de tipeo
30662a2775aa035f29e19cd9a7e83cb9,"kw,wrdl: rogwaski, ",0,2022-11-17 15:07:00,BIBLIOTECA,kw,rogwaski,1,error de tipeo
3ea58b9355e0292c595f07280aaaa8bc,"kw,wrdl: piscku, ",0,2022-11-23 10:12:00,BIBLIOTECA,kw,piscku,1,error de tipeo
da76453a0c220aa95635c33265ee7c49,"kw,wrdl: destilción, ",0,2022-11-30 13:34:00,BIBLIOTECA,kw,destilción,1,error de tipeo
da76453a0c220aa95635c33265ee7c49,"kw,wrdl: schwaun, ",0,2022-11-30 15:31:34,BIBLIOTECA,kw,schwaun,1,error de tipeo
15912260ca4cfc247c2647986c4b2869,"callnum,wrdl: biología molecular y celular, ",0,2022-12-02 21:08:32,BIBLIOTECA,callnum,biología molecular y celular,1,campo incorrecto
15912260ca4cfc247c2647986c4b2869,"callnum,wrdl: biologia, ",0,2022-12-02 21:08:44,BIBLIOTECA,callnum,biologia,1,campo incorrecto
c8df3b99ce677d953e41fe6689a9d7b2,"kw,wrdl: swebok, ",0,2022-12-12 14:35:00,DOCENTE,kw,swebok,1,no hay resultados
c8df3b99ce677d953e41fe6689a9d7b2,"kw,wrdl: swebok, ",0,2022-12-12 14:35:44,DOCENTE,kw,swebok,1,no hay resultados
141ee0c3d547fb491eadcecfa09a2d01,"callnum,wrdl: matemática, ",0,2023-01-11 18:45:06,BIBLIOTECA,callnum,matemática,1,campo incorrecto
990428d58a9d8b4f8c45babae7d80bae,"kw,wrdl: Netther, ",0,2023-02-02 10:14:15,BIBLIOTECA,kw,Netther,1,error de tipeo
efb64e5db60454c64991f9196de416d3,"kw,wrdl: Data mining metodos y conocimientos, ",0,2023-03-14 21:02:26,BIBLIOTECA,kw,Data mining metodos y conocimientos,1,error de tipeo
07cdd4a626e2fa0cce92ef489453ec61,"kw,wrdl: nxp, ",0,2023-03-17 02:58:06,BIBLIOTECA,kw,nxp,1,error de tipeo
28dffc31047292de54f07141c51cda00,"kw,wrdl: Serway, R., Física, Tomo I, Mc Graw-Hill, México, 1998., ",0,2023-03-20 22:37:14,BIBLIOTECA,kw,Serway,1,error de tipeo
24c7a3f66f4cc8370e084f82cb5e4e25,"kw,wrdl: goldeman, ",0,2023-03-28 13:27:43,BIOINGENIE,kw,goldeman,1,error de tipeo
24c7a3f66f4cc8370e084f82cb5e4e25,"au,wrdl: goldeman, ",0,2023-03-28 13:28:03,BIOINGENIE,au,goldeman,1,error de tipeo
8bf804f05ec533e14a79cb107cd7718e,"su,wrdl: genética and kw,wrdl: ciencia que ladra, ",0,2023-03-28 14:04:55,BIBLIOTECA,"kw, su","genética and kw, ciencia que ladra",2,combinacion de campos incorrecta
40fb9bd7f72a2dae819b5746ea8b91b6,"ti:investigación de operaciones, ",0,2023-03-30 16:26:46,BIBLIOTECA,ti,investigación de operaciones,1,no hay resultados
a02589ff9735c9be29d249a305c0ba8d,"au,wrdl: boylestand, ",0,2023-04-12 10:43:46,BIBLIOTECA,au,boylestand,1,error de tipeo
8bf8d229219ea353b26cc955107420ce,"kw,wrdl: semansky, ",0,2023-04-13 11:21:21,BIBLIOTECA,kw,semansky,1,error de tipeo
be98b7356351b18ba0b499cc8dd24e3f,"kw,wrdl: milesi, ",0,2023-04-25 08:41:28,BIBLIOTECA,kw,milesi,1,no hay resultados
be98b7356351b18ba0b499cc8dd24e3f,"kw,wrdl: milesi, ",0,2023-04-25 08:42:28,BIBLIOTECA,kw,milesi,1,no hay resultados
45a656c0845ffb97524475e526ce55d6,"kw,wrdl: crossman, ",0,2023-04-27 11:16:00,BIBLIOTECA,kw,crossman,1,no hay resultados
d2557d77b8fe1ac4f906d8c47743444a,", ",0,2023-04-28 12:31:00,BIBLIOTECA,,,0,usuario no ingreso nada
12be6af04af4e2d345b2ee53d4f8ab56,"kw,wrdl: hugh young , roger feedman, ",0,2023-05-04 08:03:00,BIBLIOTECA,kw,hugh young ,1,error de tipeo
12be6af04af4e2d345b2ee53d4f8ab56,"kw,wrdl: hugh young , roger feedman, ",0,2023-05-04 08:07:32,BIBLIOTECA,kw,hugh young ,1,error de tipeo
9a3e48522b1a4e2fbe22a50ed4c2d2bc,"au,wrdl: prometheus, ",0,2023-05-10 16:41:00,BIBLIOTECA,au,prometheus,1,campo incorrecto
bb58490c1b22a91d4f61a176f0c421f7,"kw,wrdl: stewarts, ",0,2023-05-22 12:29:35,BIBLIOTECA,kw,stewarts,1,error de tipeo
62f90ec820372be3f2d8cd9d088ac36c,"kw,wrdl: bechetti, ",0,2023-05-22 08:42:00,BIBLIOTECA,kw,bechetti,1,error de tipeo
ac688f4b0d0a9f6b342e45e2a438bcc8,"callnum,wrdl: Cálculo, ",0,2023-05-29 19:15:00,BIBLIOTECA,callnum,Cálculo,1,campo incorrecto
1d19aa1214f8bc840e784167195e0148,"kw,wrdl: SILVERTON, ",0,2023-05-31 12:45:33,BIBLIOTECA,kw,SILVERTON,1,error de tipeo
c87187e18d90b2d94c33f40047c2671a,"au,wrdl: WALLPOLE, MYERS, MYERS, YE:, ",0,2023-08-08 10:59:34,BIBLIOTECA,au,WALLPOLE,1,error de tipeo
c87187e18d90b2d94c33f40047c2671a,"au,wrdl: WALLPOLE, MYERS, MYERS, YE:, ",0,2023-08-08 10:59:34,BIBLIOTECA,au,WALLPOLE,1,error de tipeo
c87187e18d90b2d94c33f40047c2671a,"au,wrdl: WALLPOLE, MYERS, MYERS, YE, ",0,2023-08-08 10:59:37,BIBLIOTECA,au,WALLPOLE,1,error de tipeo
c87187e18d90b2d94c33f40047c2671a,"au,wrdl: WALLPOLE, MYERS, ",0,2023-08-08 10:59:44,BIBLIOTECA,au,WALLPOLE,1,error de tipeo
c87187e18d90b2d94c33f40047c2671a,"au,wrdl: WALLPOLE, ",0,2023-08-08 10:59:48,BIBLIOTECA,au,WALLPOLE,1,error de tipeo
75176c382cfd7080a21ed97de608cb98,"kw,wrdl: renovar prestamo de libro, ",0,2023-08-22 08:21:17,BIBLIOTECA,kw,renovar prestamo de libro,1,lugar incorrecto de consulta
75176c382cfd7080a21ed97de608cb98,"kw,wrdl: renovar prestamo de libro, ",0,2023-08-22 08:21:34,BIBLIOTECA,kw,renovar prestamo de libro,1,lugar incorrecto de consulta
758a8d522d753a1429411b62fbb80806,"kw,wrdl: IRAM 9422}, ",0,2023-08-22 13:24:23,BIBLIOTECA,kw,IRAM 9422},1,error de tipeo
758a8d522d753a1429411b62fbb80806,"kw,wrdl: IRAM 9422, ",0,2023-08-22 13:24:26,BIBLIOTECA,kw,IRAM 9422,1,error de tipeo
dbf17e7c89e5873e63eb41678de2d2ce,"kw,wrdl: Saladin, ",0,2023-08-23 12:18:53,BIBLIOTECA,kw,Saladin,1,no hay resultados
4a1a5cd0bdb42a198b697639f06231be,"kw,wrdl: fluidos frigorificos, ",0,2023-08-24 23:32:37,BIBLIOTECA,kw,fluidos frigorificos,1,no hay resultados
b8d300b3708d60c1c00c73b0efec8f45,"kw,wrdl: schiling, ",0,2023-08-25 10:33:49,BIBLIOTECA,kw,schiling,1,error de tipeo
99683f5bdb1ce2dc47f954efd1b9af78,"kw,wrdl: Laterjet, ",0,2023-08-26 17:05:42,BIBLIOTECA,kw,Laterjet,1,no hay resultados
2b143bddb834890006a7c7f629640eed,"callnum,wrdl: comportamiento físico de biomateriales, ",0,2023-09-05 11:51:00,BIBLIOTECA,callnum,comportamiento físico de biomateriales,1,campo incorrecto
2b143bddb834890006a7c7f629640eed,"callnum,wrdl: biomateriales, ",0,2023-09-05 11:53:00,BIBLIOTECA,callnum,biomateriales,1,campo incorrecto
dd912fb210f05a0f494ac0d815930418,"kw,wrdl: probabilidad y aplicaciones estadisticas para ingenieria y ciencia, ",0,2023-09-06 14:07:00,BIBLIOTECA,kw,probabilidad y aplicaciones estadisticas para ingenieria y ciencia,1,no hay resultados
dd912fb210f05a0f494ac0d815930418,"kw,wrdl: wallpole, ",0,2023-09-06 15:12:00,BIBLIOTECA,kw,wallpole,1,error de tipeo
bfd1251512a79d19353eb19e4dd5df9d,"kw,wrdl: ísica universitaria : volumen 2, ",0,2023-09-07 13:02:00,BIBLIOTECA,kw,ísica universitaria : volumen 2,1,error de tipeo
bfd1251512a79d19353eb19e4dd5df9d,"kw,wrdl: ísica universitaria 2, ",0,2023-09-07 13:02:00,BIBLIOTECA,kw,ísica universitaria 2,1,error de tipeo
bfd1251512a79d19353eb19e4dd5df9d,"kw,wrdl: ísica universitaria, ",0,2023-09-07 13:02:00,BIBLIOTECA,kw,ísica universitaria,1,error de tipeo
bfd1251512a79d19353eb19e4dd5df9d,"kw,wrdl: ísica universitaria 2, ",0,2023-09-07 13:03:00,BIBLIOTECA,kw,ísica universitaria 2,1,error de tipeo
5b5db9e19a10326590ac51121b21c7c3,"kw,wrdl: anaromia humana, ",0,2023-09-13 22:38:06,BIBLIOTECA,kw,anaromia humana,1,error de tipeo
8e638794cbe2cf74a8f53c2f210359fc,"kw,wrdl: bc7229, ",0,2023-09-14 12:46:28,HIST,kw,bc7229,1,error de tipeo
8e638794cbe2cf74a8f53c2f210359fc,"bc:7229, ",0,2023-09-14 12:46:38,HIST,bc,7229,1,no hay resultados
99625f94946b3c059ceb7695621d7834,"kw,wrdl: libro de precalculo, ",0,2023-10-17 15:50:00,BIBLIOTECA,kw,libro de precalculo,1,error de tipeo
2435e2ba3347aa8c29c8675602cd310b,"kw,wrdl: whiten, ",0,2023-11-09 08:46:00,BIBLIOTECA,kw,whiten,1,error de tipeo
2435e2ba3347aa8c29c8675602cd310b,"kw,wrdl: libro de quimica para primer año, ",0,2023-11-09 08:49:00,BIBLIOTECA,kw,libro de quimica para primer año,1,error de tipeo
2435e2ba3347aa8c29c8675602cd310b,"kw,wrdl: libro de quimica general e inorganica, ",0,2023-11-09 08:50:00,BIBLIOTECA,kw,libro de quimica general e inorganica,1,error de tipeo
2435e2ba3347aa8c29c8675602cd310b,"kw,wrdl: libro de quimica general inorganica, ",0,2023-11-09 08:50:00,BIBLIOTECA,kw,libro de quimica general inorganica,1,error de tipeo
8d0003b0a197872e9d2c2d252ea3aadb,"kw,wrdl: 43616364, ",0,2023-11-15 04:46:07,BIBLIOTECA,kw,43616364,1,error de tipeo
e331afc089cb3b4d84c02545cab6cf93,"kw,wrdl: chrchill, ",0,2023-11-30 11:25:23,BIBLIOTECA,kw,chrchill,1,error de tipeo
0023391f58d5de5bc6bbd70071b74b0e,"kw,wrdl: saladin, ",0,2023-12-11 15:04:00,BIBLIOTECA,kw,saladin,1,no hay resultados
702ae8e8040813d41024164ba1f3847d,"kw,wrdl: cadena de transporte de electrones, ",0,2023-12-14 11:35:41,BIBLIOTECA,kw,cadena de transporte de electrones,1,no hay resultados
702ae8e8040813d41024164ba1f3847d,"kw,wrdl: organica, blanco, ",0,2023-12-14 11:36:46,BIBLIOTECA,kw,organica,1,error de tipeo
0fa084d596a965587153306d90ff85b8,"kw,wrdl: hacer renovasion de prestamo de libro, ",0,2024-02-21 17:40:49,BIBLIOTECA,kw,hacer renovasion de prestamo de libro,1,lugar incorrecto de consulta
1c1e26e875b278ce5bdebfb1ebf19aad,"kw,wrdl: grosmman, ",0,2024-02-28 08:35:00,BIBLIOTECA,kw,grosmman,1,error de tipeo
ef8b7bbd95257b1a1d53046c0f47b37c,"kw,wrdl: Wunsch, A. David, “Variable Compleja”, 2da edici´on. Addison-Wesley Iberoamericana, 1999., ",0,2024-03-05 23:28:08,BIBLIOTECA,kw,Wunsch,1,error de tipeo
099c79bfdc0f2f08b7f90f3abd4ed6bd,"kw,wrdl: barderi, ",0,2024-03-06 11:15:42,DOCENTE,kw,barderi,1,no hay resultados
531361c44c4cdbf986c73aeb3624d94d,"au,wrdl: grosmman, ",0,2024-03-08 11:57:00,BIBLIOTECA,au,grosmman,1,error de tipeo
ca3445debe9e375df12a7f9042002189,"kw,wrdl: willson buffa, ",0,2024-03-10 12:33:00,BIBLIOTECA,kw,willson buffa,1,error de tipeo
ca3445debe9e375df12a7f9042002189,"au,wrdl: willson buffa, ",0,2024-03-10 12:33:00,BIBLIOTECA,au,willson buffa,1,error de tipeo
18bf78edd371446a7098f9a4c85b22ab,"kw,wrdl: DiPaolo Fluidos, ",0,2024-03-15 12:21:05,BIBLIOTECA,kw,DiPaolo Fluidos,1,error de tipeo
16632e8774e9fa15426e3c81c339bf53,"kw,wrdl: Silverton, ",0,2024-04-05 10:01:12,BIBLIOTECA,kw,Silverton,1,error de tipeo
16632e8774e9fa15426e3c81c339bf53,"kw,wrdl: Silverthon, ",0,2024-04-05 10:01:15,BIBLIOTECA,kw,Silverthon,1,error de tipeo
16632e8774e9fa15426e3c81c339bf53,"kw,wrdl: Silverthon, ",0,2024-04-05 10:01:17,BIBLIOTECA,kw,Silverthon,1,error de tipeo
111cd73adc1e025f98790816192fda78,"kw,wrdl: RHOADES RA & BELL DR, ",0,2024-04-08 08:52:23,BIBLIOTECA,kw,RHOADES RA & BELL DR,1,error de tipeo
57df87b2696233e4edecf9adc3bfa12b,"kw,wrdl: preasure und force, ",0,2024-04-08 09:13:20,BIBLIOTECA,kw,preasure und force,1,error de tipeo
1ae397499e28ac00389fea0f5fcd23ea,"kw,wrdl: Hpussay, ",0,2024-04-08 12:36:20,BIBLIOTECA,kw,Hpussay,1,error de tipeo
1ae397499e28ac00389fea0f5fcd23ea,"kw,wrdl: Rhodes, ",0,2024-04-08 12:38:48,BIBLIOTECA,kw,Rhodes,1,error de tipeo
e29214967320776a013a294c55aa3407,"au:xxxx, ",0,2024-04-09 12:15:12,S,au,xxxx,1,error de tipeo
083230ec8ce11eee6aa078eaf063d9ad,"kw,wrdl: MILESI & MOBILI, ",0,2024-04-11 08:28:08,BIBLIOTECA,kw,MILESI & MOBILI,1,error de tipeo
083230ec8ce11eee6aa078eaf063d9ad,"kw,wrdl: MILESI, ",0,2024-04-11 08:28:14,BIBLIOTECA,kw,MILESI,1,no hay resultados
05fd2f080e4d4ee90ec61be3e822251e,"kw,wrdl: SILVERTHORN D (2008) Fisiología Humana. Editorial Panamericana 4°Ed, ",0,2024-04-12 22:37:24,BIBLIOTECA,kw,SILVERTHORN D (2008) Fisiología Humana. Editorial Panamericana 4°Ed,1,error de tipeo
2101ea55d4dceb811e809dca1b7a4c89,", mc-itype,phr:PELICULA",0,2024-04-19 09:39:39,BIBLIOTECA,mc-itype,PELICULA,1,no hay resultados
2101ea55d4dceb811e809dca1b7a4c89,", mc-itype,phr:PELICULA",0,2024-04-19 09:39:52,BIBLIOTECA,mc-itype,PELICULA,1,no hay resultados
6d211ff167569a5dcb45cf4977e8b2d3,"kw,wrdl: estadistica base de daos, ",0,2024-04-29 13:29:00,BIBLIOTECA,kw,estadistica base de daos,1,error de tipeo
071ec033e4595840bb8b1f6533088b52,"kw,wrdl: Cingolani HE. y Houssay AB. (2002) Fisiología Humana. El Ateneo. Buenos Aires. 7°Ed.(Caps., ",0,2024-05-12 17:45:10,BIBLIOTECA,kw,Cingolani HE. y Houssay AB. (2002) Fisiología Humana. El Ateneo. Buenos Aires. 7°Ed.(Caps.,1,error de tipeo
071ec033e4595840bb8b1f6533088b52,"kw,wrdl: Cingolan Fisiología Humana. El Ateneo. Buenos Aires. 7°Ed.(Caps., ",0,2024-05-12 17:45:21,BIBLIOTECA,kw,Cingolan Fisiología Humana. El Ateneo. Buenos Aires. 7°Ed.(Caps.,1,error de tipeo
071ec033e4595840bb8b1f6533088b52,"kw,wrdl: Cingolani HE. y Houssay AB. (2002) Fisiología Humana. El Ateneo. Buenos Aires. 7°Ed, ",0,2024-05-12 17:45:42,BIBLIOTECA,kw,Cingolani HE. y Houssay AB. (2002) Fisiología Humana. El Ateneo. Buenos Aires. 7°Ed,1,error de tipeo
071ec033e4595840bb8b1f6533088b52,"kw,wrdl: Cingolani HE. y Houssay AB. (2002) Fisiología Humana. . 7°Ed, ",0,2024-05-12 17:45:51,BIBLIOTECA,kw,Cingolani HE. y Houssay AB. (2002) Fisiología Humana. . 7°Ed,1,error de tipeo
071ec033e4595840bb8b1f6533088b52,"kw,wrdl: Cingolani . (2002) Fisiología Humana. . 7°Ed, ",0,2024-05-12 17:45:57,BIBLIOTECA,kw,Cingolani . (2002) Fisiología Humana. . 7°Ed,1,error de tipeo
071ec033e4595840bb8b1f6533088b52,"kw,wrdl: Cingolani . Fisiología Humana. . 7°Ed, ",0,2024-05-12 17:46:04,BIBLIOTECA,kw,Cingolani . Fisiología Humana. . 7°Ed,1,error de tipeo
f244a686b94bd806294d07b5baecee1c,"kw,wrdl: stewart septima, ",0,2024-05-14 23:39:37,BIBLIOTECA,kw,stewart septima,1,error de tipeo
f244a686b94bd806294d07b5baecee1c,"kw,wrdl: stewart séptima, ",0,2024-05-14 23:39:44,BIBLIOTECA,kw,stewart séptima,1,error de tipeo
f244a686b94bd806294d07b5baecee1c,"kw,wrdl: CÁLCULO EN UNA VARIABLE - James Stewart - Septima Edición, ",0,2024-05-14 23:40:16,BIBLIOTECA,kw,CÁLCULO EN UNA VARIABLE - James Stewart - Septima Edición,1,error de tipeo
f244a686b94bd806294d07b5baecee1c,"kw,wrdl: James Stewart - Septima Edición, ",0,2024-05-14 23:40:20,BIBLIOTECA,kw,James Stewart - Septima Edición,1,error de tipeo
7e66ef6240631e6a2df756f12f93d88b,"kw,wrdl: Despopoulus, ",0,2024-05-16 16:30:39,BIBLIOTECA,kw,Despopoulus,1,error de tipeo
5d20b10685d57c99b2598f4d8c7cd26c,"kw,wrdl: despopoulos, ",0,2024-06-01 11:26:29,BIBLIOTECA,kw,despopoulos,1,no hay resultados
e320f5d3a0c80d699769674cf71c36d1,"kw,wrdl: Despopoulos, ",0,2024-06-01 11:32:01,BIBLIOTECA,kw,Despopoulos,1,no hay resultados
9b7925e5b33d680a576a70df3674c49d,"kw,wrdl: electronica teoria de ciecuitos, ",0,2024-06-06 22:09:59,BIBLIOTECA,kw,electronica teoria de ciecuitos,1,error de tipeo
c1498a3b5365dcf097f2cbf762b50222,"ti,wrdl: hola, ",0,2024-06-10 21:09:25,BIBLIOTECA,ti,hola,1,error de tipeo
c1498a3b5365dcf097f2cbf762b50222,"ti,wrdl: hola, ",0,2024-06-10 21:10:05,BIBLIOTECA,ti,hola,1,error de tipeo
3a8244ce74afdcbc23e8664363178ea4,"kw,wrdl: norma iram 9222, ",0,2024-08-05 14:28:22,BIBLIOTECA,kw,norma iram 9222,1,error de tipeo
3a8244ce74afdcbc23e8664363178ea4,"kw,wrdl: norma iram 9422, ",0,2024-08-05 14:28:25,BIBLIOTECA,kw,norma iram 9422,1,error de tipeo
87521e17a5ff35549f3c533a503a1988,"kw,wrdl: norma iram 9422, ",0,2024-08-05 14:28:26,BIBLIOTECA,kw,norma iram 9422,1,error de tipeo
3a8244ce74afdcbc23e8664363178ea4,"kw,wrdl: norma iram 9422, ",0,2024-08-05 14:28:28,BIBLIOTECA,kw,norma iram 9422,1,error de tipeo
87521e17a5ff35549f3c533a503a1988,"kw,wrdl: norma iram cadera, ",0,2024-08-05 14:29:03,BIBLIOTECA,kw,norma iram cadera,1,error de tipeo
74e9a514c9fcb5507d465d2054667eda,"kw,wrdl: vida.eze, ",0,2024-08-06 14:14:00,BIOINF,kw,vida.eze,1,error de tipeo
74e9a514c9fcb5507d465d2054667eda,"kw,wrdl: vida.exe, ",0,2024-08-06 14:14:00,BIOINF,kw,vida.exe,1,no hay resultados
e1e27cb6755ffaf9f950fbe850f5b997,"kw,wrdl: audicion estres, ",0,2024-08-19 16:34:00,BIBLIOTECA,kw,audicion estres,1,no hay resultados
e1e27cb6755ffaf9f950fbe850f5b997,"kw,wrdl: audicion estres, ",0,2024-08-19 16:34:20,BIBLIOTECA,kw,audicion estres,1,no hay resultados
fa9f929ac0dae06df43ecda8ef4ae224,"kw,wrdl: miller allan, ",0,2024-08-19 21:14:15,BIBLIOTECA,kw,miller allan,1,error de tipeo
fa9f929ac0dae06df43ecda8ef4ae224,"kw,wrdl: Análisis de Circuitos: Teoría Y Práctica, ",0,2024-08-19 21:17:50,BIBLIOTECA,kw,Análisis de Circuitos: Teoría Y Práctica,1,error de tipeo
65dfc6f5d53773ce6cb8e8e2b4b4c091,"kw,wrdl: Anatomia y fisiología saladin, ",0,2024-08-26 11:52:54,BIBLIOTECA,kw,Anatomia y fisiología saladin,1,no hay resultados
65dfc6f5d53773ce6cb8e8e2b4b4c091,"kw,wrdl: Anatomia y fisiología kenneth, ",0,2024-08-26 11:53:22,BIBLIOTECA,kw,Anatomia y fisiología kenneth,1,no hay resultados
0bc67fbcf22f4b676d6c9ea34c74ceb8,"kw,wrdl: Prometeus, ",0,2024-08-26 15:39:00,BIBLIOTECA,kw,Prometeus,1,error de tipeo
0bc67fbcf22f4b676d6c9ea34c74ceb8,"kw,wrdl: Prometeus, ",0,2024-08-26 15:45:00,BIBLIOTECA,kw,Prometeus,1,error de tipeo
0bc67fbcf22f4b676d6c9ea34c74ceb8,"kw,wrdl: Prometeus, ",0,2024-08-26 15:45:48,BIBLIOTECA,kw,Prometeus,1,error de tipeo
577129ab567dc7a955934c44b5f8b212,"kw,wrdl: silverthone, ",0,2024-08-28 21:22:00,BIBLIOTECA,kw,silverthone,1,error de tipeo
577129ab567dc7a955934c44b5f8b212,"kw,wrdl: silverthone, ",0,2024-08-28 21:22:21,BIBLIOTECA,kw,silverthone,1,error de tipeo
577129ab567dc7a955934c44b5f8b212,"kw,wrdl: silverthone, ",0,2024-08-28 21:22:24,BIBLIOTECA,kw,silverthone,1,error de tipeo
33f3756639dce810c6cf2ef5736c8b96,"su,wrdl: romance, ",0,2024-08-29 11:54:00,BIBLIOTECA,su,romance,1,no hay resultados
dec29d416a05986b589049be67cb818e,"kw,wrdl: Anatomía sobota, ",0,2024-09-03 15:27:52,BIBLIOTECA,kw,Anatomía sobota,1,error de tipeo
